,alignment,condition,accuracy,sub,age,gender
0,misaligned,same,0.4166666666666667,UX6XX6,4.931506849315069,m
1,misaligned,same,1.0,ZFEcFW,4.191780821917808,f
2,misaligned,same,1.0,FMNR4U,4.602739726027397,f
3,misaligned,same,1.0,QWFWAQ,6.904109589041096,f
4,misaligned,same,0.9166666666666666,PHM3KT,5.835616438356165,f
5,misaligned,same,1.0,TMBc4N,4.931506849315069,m
6,misaligned,same,1.0,NRHSFK,5.506849315068493,m
7,misaligned,same,0.9166666666666666,BK45G2,4.767123287671233,m
8,misaligned,same,1.0,ADUJcY,6.082191780821918,m
9,misaligned,same,1.0,YdTJH7,5.424657534246576,f
10,misaligned,same,0.6666666666666666,TKA647,4.109589041095891,m
11,misaligned,same,1.0,JLCN7S,5.506849315068493,f
12,misaligned,same,0.9090909090909091,3R2CUC,5.835616438356165,f
13,misaligned,same,0.6,LcYFQM,5.506849315068493,f
14,misaligned,same,0.5833333333333334,BUR2PY,4.191780821917808,m
15,misaligned,same,0.9090909090909091,EV5Z3R,5.671232876712328,m
16,misaligned,same,0.6666666666666666,WKCNHd,5.260273972602739,m
17,misaligned,same,0.7272727272727273,REMYW7,4.273972602739726,f
18,misaligned,same,0.8333333333333334,CVLEAG,4.8493150684931505,f
19,misaligned,same,0.9166666666666666,W7Y6C5,5.424657534246576,m
20,misaligned,same,0.6666666666666666,KEEN74,5.589041095890411,m
21,misaligned,same,0.8181818181818182,ACXXZ7,4.767123287671233,m
22,misaligned,same,1.0,VLB4L4,5.671232876712328,f
23,misaligned,same,0.9166666666666666,EQXFYM,5.095890410958904,m
24,misaligned,same,1.0,Z7CAJd,6.082191780821918,f
25,misaligned,same,0.5454545454545454,7P6WGH,5.917808219178082,f
26,misaligned,same,0.5454545454545454,GC34M3,4.602739726027397,f
27,misaligned,same,1.0,5QcHDS,4.3561643835616435,f
28,misaligned,same,0.5833333333333334,4ST2Rd,4.684931506849315,m
29,misaligned,same,1.0,QLJ6L2,4.273972602739726,f
30,misaligned,same,1.0,VL6G4F,4.602739726027397,m
31,misaligned,same,0.9090909090909091,CQNccL,5.013698630136986,f
32,misaligned,same,0.7272727272727273,VARPcD,4.767123287671233,f
33,misaligned,same,1.0,A2VYCT,5.342465753424658,f
34,misaligned,same,1.0,cFUURR,6.410958904109589,f
35,misaligned,same,1.0,NESJTV,5.671232876712328,m
36,misaligned,same,1.0,PKKXND,5.671232876712328,m
37,misaligned,same,0.9166666666666666,5A3dF5,6.493150684931507,f
38,misaligned,same,0.2727272727272727,QEENND,6.164383561643835,m
39,misaligned,same,0.5454545454545454,RL5c27,5.095890410958904,o
40,misaligned,same,0.8,6FBUKN,4.931506849315069,f
41,misaligned,same,1.0,NdcEQS,6.410958904109589,f
42,misaligned,same,0.9090909090909091,ZFCGPB,6.986301369863014,f
43,misaligned,same,1.0,HZD5P2,6.739726027397261,m
44,misaligned,same,0.9090909090909091,LV7BXL,6.410958904109589,m
45,misaligned,same,1.0,FQcUQT,5.506849315068493,m
46,misaligned,same,0.5,VXA7XE,5.917808219178082,m
47,misaligned,same,0.7272727272727273,2H7PLP,5.260273972602739,m
48,misaligned,same,0.9166666666666666,TSZUY4,5.506849315068493,m
49,misaligned,same,0.8333333333333334,JMTYZH,5.095890410958904,m
50,misaligned,same,0.6666666666666666,BcD7QG,4.027397260273973,m
51,misaligned,same,0.75,6RPUM7,4.273972602739726,m
52,misaligned,same,0.8181818181818182,cdPUJD,5.589041095890411,m
53,misaligned,same,0.2727272727272727,TQ5R7T,5.506849315068493,f
54,misaligned,same,1.0,4LVKMA,6.082191780821918,m
55,misaligned,same,1.0,cHT4YU,6.2465753424657535,f
56,misaligned,same,1.0,JY6LQ2,6.164383561643835,f
57,misaligned,same,1.0,U672B2,5.835616438356165,f
58,misaligned,same,1.0,WF4NVS,4.684931506849315,m
59,misaligned,same,0.9166666666666666,FWYC7C,5.424657534246576,f
60,misaligned,same,0.9090909090909091,PB3BCS,4.767123287671233,f
61,misaligned,same,1.0,TNSEWV,4.767123287671233,m
62,misaligned,same,0.9090909090909091,V72TLK,6.739726027397261,f
63,misaligned,same,1.0,XV65MW,6.164383561643835,f
64,misaligned,same,1.0,WWYcKQ,5.424657534246576,f
65,misaligned,same,0.5,ZAMEDX,4.191780821917808,m
66,misaligned,same,1.0,QPRR32,6.904109589041096,f
67,misaligned,same,1.0,3W34dW,6.0,f
68,misaligned,same,0.9,PHFCV3,5.342465753424658,f
69,misaligned,same,0.0,VFFF4H,4.191780821917808,m
70,misaligned,same,0.2727272727272727,CJdTB6,4.3561643835616435,m
71,misaligned,same,0.9166666666666666,TV373M,6.657534246575342,m
72,misaligned,same,0.9166666666666666,CRVCXD,6.986301369863014,m
73,misaligned,same,0.9166666666666666,YPdQNV,4.109589041095891,f
74,misaligned,same,0.8181818181818182,7cNKKD,5.342465753424658,m
75,misaligned,same,1.0,CZGRED,5.506849315068493,m
76,misaligned,same,0.8181818181818182,663UJX,6.986301369863014,f
77,misaligned,same,1.0,KMGJCF,6.575342465753424,m
78,misaligned,same,1.0,FZLQ2Y,4.602739726027397,m
79,misaligned,same,0.9166666666666666,33UX2S,5.7534246575342465,f
80,misaligned,same,0.3333333333333333,H2VVXG,4.191780821917808,f
81,misaligned,same,0.9166666666666666,F4AJSB,5.342465753424658,m
82,misaligned,same,0.9,4UE4J2,5.506849315068493,m
83,misaligned,same,1.0,ZTYVTW,4.027397260273973,f
84,misaligned,same,0.5833333333333334,R52TRD,4.027397260273973,m
85,misaligned,same,0.9166666666666666,ZJPWHP,6.328767123287672,m
86,misaligned,same,1.0,RJRCRR,5.917808219178082,f
87,misaligned,same,1.0,CECNMS,4.3561643835616435,m
88,misaligned,same,0.75,5cKP4G,6.410958904109589,m
89,misaligned,same,0.7272727272727273,SNURNN,4.52054794520548,m
90,misaligned,same,0.5833333333333334,7AZPQD,4.438356164383562,f
91,misaligned,same,1.0,2TGKCT,6.657534246575342,f
92,misaligned,same,0.9,K6FGHF,6.493150684931507,m
93,misaligned,same,0.9090909090909091,dEEK22,6.739726027397261,f
94,misaligned,same,0.2727272727272727,ZRHCPK,4.273972602739726,m
95,misaligned,same,1.0,dcXZY4,6.904109589041096,m
96,misaligned,same,0.5454545454545454,7BKKNM,4.3561643835616435,f
97,misaligned,same,0.8,MR5U5N,4.3561643835616435,m
98,misaligned,same,1.0,5SAMNS,5.589041095890411,m
99,misaligned,same,1.0,C57ASP,6.904109589041096,m
100,misaligned,same,1.0,LA6RF5,5.260273972602739,m
101,misaligned,same,0.8181818181818182,42cZAM,6.657534246575342,f
102,misaligned,same,0.8333333333333334,TLLBVC,6.986301369863014,f
103,misaligned,same,0.5833333333333334,RNcVC3,4.684931506849315,f
104,misaligned,same,0.5833333333333334,2G2AL4,4.3561643835616435,m
105,misaligned,same,1.0,X37SMJ,5.917808219178082,f
106,misaligned,same,0.6,G277c4,4.109589041095891,m
107,misaligned,same,0.9090909090909091,Uc5HAY,6.2465753424657535,f
108,misaligned,same,0.9090909090909091,dHWQWK,5.7534246575342465,f
109,misaligned,same,0.9166666666666666,46QP6X,4.684931506849315,f
110,misaligned,same,0.36363636363636365,PD62cC,4.191780821917808,f
111,misaligned,same,1.0,RKQERS,4.109589041095891,m
112,misaligned,same,0.9166666666666666,QYYW46,5.342465753424658,f
113,misaligned,same,0.7272727272727273,CdBSPP,4.109589041095891,f
114,misaligned,same,0.9166666666666666,F4LDT2,5.260273972602739,m
115,misaligned,same,1.0,c2JcAQ,4.931506849315069,m
116,misaligned,same,0.9,34RM3G,6.575342465753424,m
117,misaligned,same,0.08333333333333333,FKJTLd,4.191780821917808,m
118,misaligned,same,0.8181818181818182,MX7YEJ,6.575342465753424,m
119,misaligned,same,1.0,XUS5CL,4.109589041095891,f
120,misaligned,same,0.7272727272727273,DH27SD,6.0,m
121,misaligned,same,1.0,KKY3TT,5.342465753424658,f
122,misaligned,same,1.0,QE5J2H,5.424657534246576,m
123,misaligned,same,0.8181818181818182,WScYBT,5.7534246575342465,m
124,misaligned,same,1.0,VYHNXF,6.328767123287672,m
125,misaligned,same,1.0,RU4MYJ,4.438356164383562,m
126,misaligned,same,1.0,BNRGKZ,5.260273972602739,f
127,misaligned,same,0.9,RRA4CB,5.506849315068493,f
128,misaligned,same,0.6363636363636364,GYYNLD,4.3561643835616435,m
129,misaligned,same,0.9166666666666666,RNCZJc,6.739726027397261,m
130,misaligned,same,0.9166666666666666,RP2HDS,6.904109589041096,f
131,misaligned,same,0.8181818181818182,EHHRXd,4.767123287671233,m
132,misaligned,same,1.0,NTYN3N,5.095890410958904,f
133,aligned,same,0.8181818181818182,UX6XX6,4.931506849315069,m
134,aligned,same,0.8181818181818182,ZFEcFW,4.191780821917808,f
135,aligned,same,0.9166666666666666,FMNR4U,4.602739726027397,f
136,aligned,same,0.8888888888888888,QWFWAQ,6.904109589041096,f
137,aligned,same,0.6,PHM3KT,5.835616438356165,f
138,aligned,same,0.75,TMBc4N,4.931506849315069,m
139,aligned,same,0.9090909090909091,NRHSFK,5.506849315068493,m
140,aligned,same,1.0,BK45G2,4.767123287671233,m
141,aligned,same,1.0,ADUJcY,6.082191780821918,m
142,aligned,same,0.9166666666666666,YdTJH7,5.424657534246576,f
143,aligned,same,0.5,TKA647,4.109589041095891,m
144,aligned,same,0.8333333333333334,JLCN7S,5.506849315068493,f
145,aligned,same,0.7272727272727273,3R2CUC,5.835616438356165,f
146,aligned,same,0.25,LcYFQM,5.506849315068493,f
147,aligned,same,0.4166666666666667,BUR2PY,4.191780821917808,m
148,aligned,same,0.75,EV5Z3R,5.671232876712328,m
149,aligned,same,0.45454545454545453,WKCNHd,5.260273972602739,m
150,aligned,same,0.75,REMYW7,4.273972602739726,f
151,aligned,same,0.9090909090909091,CVLEAG,4.8493150684931505,f
152,aligned,same,0.5454545454545454,W7Y6C5,5.424657534246576,m
153,aligned,same,0.6363636363636364,KEEN74,5.589041095890411,m
154,aligned,same,0.6666666666666666,ACXXZ7,4.767123287671233,m
155,aligned,same,1.0,VLB4L4,5.671232876712328,f
156,aligned,same,0.9090909090909091,EQXFYM,5.095890410958904,m
157,aligned,same,0.9,Z7CAJd,6.082191780821918,f
158,aligned,same,0.45454545454545453,7P6WGH,5.917808219178082,f
159,aligned,same,0.36363636363636365,GC34M3,4.602739726027397,f
160,aligned,same,0.75,5QcHDS,4.3561643835616435,f
161,aligned,same,0.36363636363636365,4ST2Rd,4.684931506849315,m
162,aligned,same,0.75,QLJ6L2,4.273972602739726,f
163,aligned,same,0.0,VL6G4F,4.602739726027397,m
164,aligned,same,0.75,CQNccL,5.013698630136986,f
165,aligned,same,0.6,VARPcD,4.767123287671233,f
166,aligned,same,0.8333333333333334,A2VYCT,5.342465753424658,f
167,aligned,same,0.75,cFUURR,6.410958904109589,f
168,aligned,same,1.0,NESJTV,5.671232876712328,m
169,aligned,same,0.75,PKKXND,5.671232876712328,m
170,aligned,same,0.7272727272727273,5A3dF5,6.493150684931507,f
171,aligned,same,0.08333333333333333,QEENND,6.164383561643835,m
172,aligned,same,0.3333333333333333,RL5c27,5.095890410958904,o
173,aligned,same,0.5,6FBUKN,4.931506849315069,f
174,aligned,same,0.7,NdcEQS,6.410958904109589,f
175,aligned,same,1.0,ZFCGPB,6.986301369863014,f
176,aligned,same,0.7272727272727273,HZD5P2,6.739726027397261,m
177,aligned,same,0.5833333333333334,LV7BXL,6.410958904109589,m
178,aligned,same,0.8333333333333334,FQcUQT,5.506849315068493,m
179,aligned,same,0.6363636363636364,VXA7XE,5.917808219178082,m
180,aligned,same,0.5833333333333334,2H7PLP,5.260273972602739,m
181,aligned,same,0.9090909090909091,TSZUY4,5.506849315068493,m
182,aligned,same,0.7272727272727273,JMTYZH,5.095890410958904,m
183,aligned,same,0.5833333333333334,BcD7QG,4.027397260273973,m
184,aligned,same,0.9,6RPUM7,4.273972602739726,m
185,aligned,same,0.45454545454545453,cdPUJD,5.589041095890411,m
186,aligned,same,0.08333333333333333,TQ5R7T,5.506849315068493,f
187,aligned,same,1.0,4LVKMA,6.082191780821918,m
188,aligned,same,1.0,cHT4YU,6.2465753424657535,f
189,aligned,same,1.0,JY6LQ2,6.164383561643835,f
190,aligned,same,0.8181818181818182,U672B2,5.835616438356165,f
191,aligned,same,0.9166666666666666,WF4NVS,4.684931506849315,m
192,aligned,same,0.7272727272727273,FWYC7C,5.424657534246576,f
193,aligned,same,1.0,PB3BCS,4.767123287671233,f
194,aligned,same,0.9166666666666666,TNSEWV,4.767123287671233,m
195,aligned,same,0.25,V72TLK,6.739726027397261,f
196,aligned,same,0.4166666666666667,XV65MW,6.164383561643835,f
197,aligned,same,0.9090909090909091,WWYcKQ,5.424657534246576,f
198,aligned,same,0.25,ZAMEDX,4.191780821917808,m
199,aligned,same,1.0,QPRR32,6.904109589041096,f
200,aligned,same,0.8333333333333334,3W34dW,6.0,f
201,aligned,same,0.36363636363636365,PHFCV3,5.342465753424658,f
202,aligned,same,0.09090909090909091,VFFF4H,4.191780821917808,m
203,aligned,same,0.5454545454545454,CJdTB6,4.3561643835616435,m
204,aligned,same,0.6666666666666666,TV373M,6.657534246575342,m
205,aligned,same,0.6363636363636364,CRVCXD,6.986301369863014,m
206,aligned,same,1.0,YPdQNV,4.109589041095891,f
207,aligned,same,0.6363636363636364,7cNKKD,5.342465753424658,m
208,aligned,same,0.9090909090909091,CZGRED,5.506849315068493,m
209,aligned,same,0.6363636363636364,663UJX,6.986301369863014,f
210,aligned,same,0.6363636363636364,KMGJCF,6.575342465753424,m
211,aligned,same,0.6666666666666666,FZLQ2Y,4.602739726027397,m
212,aligned,same,0.3333333333333333,33UX2S,5.7534246575342465,f
213,aligned,same,0.5,H2VVXG,4.191780821917808,f
214,aligned,same,0.6666666666666666,F4AJSB,5.342465753424658,m
215,aligned,same,1.0,4UE4J2,5.506849315068493,m
216,aligned,same,0.2,ZTYVTW,4.027397260273973,f
217,aligned,same,0.4166666666666667,R52TRD,4.027397260273973,m
218,aligned,same,0.8181818181818182,ZJPWHP,6.328767123287672,m
219,aligned,same,1.0,RJRCRR,5.917808219178082,f
220,aligned,same,1.0,CECNMS,4.3561643835616435,m
221,aligned,same,0.45454545454545453,5cKP4G,6.410958904109589,m
222,aligned,same,0.5,SNURNN,4.52054794520548,m
223,aligned,same,0.75,7AZPQD,4.438356164383562,f
224,aligned,same,0.9166666666666666,2TGKCT,6.657534246575342,f
225,aligned,same,0.8333333333333334,K6FGHF,6.493150684931507,m
226,aligned,same,0.5833333333333334,dEEK22,6.739726027397261,f
227,aligned,same,0.25,ZRHCPK,4.273972602739726,m
228,aligned,same,0.8181818181818182,dcXZY4,6.904109589041096,m
229,aligned,same,0.45454545454545453,7BKKNM,4.3561643835616435,f
230,aligned,same,0.5,MR5U5N,4.3561643835616435,m
231,aligned,same,0.9,5SAMNS,5.589041095890411,m
232,aligned,same,0.8181818181818182,C57ASP,6.904109589041096,m
233,aligned,same,0.4166666666666667,LA6RF5,5.260273972602739,m
234,aligned,same,0.4166666666666667,42cZAM,6.657534246575342,f
235,aligned,same,0.8181818181818182,TLLBVC,6.986301369863014,f
236,aligned,same,0.7272727272727273,RNcVC3,4.684931506849315,f
237,aligned,same,0.3333333333333333,2G2AL4,4.3561643835616435,m
238,aligned,same,1.0,X37SMJ,5.917808219178082,f
239,aligned,same,0.5833333333333334,G277c4,4.109589041095891,m
240,aligned,same,0.9166666666666666,Uc5HAY,6.2465753424657535,f
241,aligned,same,0.7,dHWQWK,5.7534246575342465,f
242,aligned,same,0.9090909090909091,46QP6X,4.684931506849315,f
243,aligned,same,0.36363636363636365,PD62cC,4.191780821917808,f
244,aligned,same,1.0,RKQERS,4.109589041095891,m
245,aligned,same,0.5454545454545454,QYYW46,5.342465753424658,f
246,aligned,same,0.5454545454545454,CdBSPP,4.109589041095891,f
247,aligned,same,0.8333333333333334,F4LDT2,5.260273972602739,m
248,aligned,same,0.7,c2JcAQ,4.931506849315069,m
249,aligned,same,1.0,34RM3G,6.575342465753424,m
250,aligned,same,0.08333333333333333,FKJTLd,4.191780821917808,m
251,aligned,same,0.7,MX7YEJ,6.575342465753424,m
252,aligned,same,1.0,XUS5CL,4.109589041095891,f
253,aligned,same,0.8333333333333334,DH27SD,6.0,m
254,aligned,same,1.0,KKY3TT,5.342465753424658,f
255,aligned,same,0.8333333333333334,QE5J2H,5.424657534246576,m
256,aligned,same,0.8333333333333334,WScYBT,5.7534246575342465,m
257,aligned,same,0.5454545454545454,VYHNXF,6.328767123287672,m
258,aligned,same,0.36363636363636365,RU4MYJ,4.438356164383562,m
259,aligned,same,0.7272727272727273,BNRGKZ,5.260273972602739,f
260,aligned,same,0.6363636363636364,RRA4CB,5.506849315068493,f
261,aligned,same,0.5454545454545454,GYYNLD,4.3561643835616435,m
262,aligned,same,1.0,RNCZJc,6.739726027397261,m
263,aligned,same,0.3333333333333333,RP2HDS,6.904109589041096,f
264,aligned,same,0.9166666666666666,EHHRXd,4.767123287671233,m
265,aligned,same,0.9,NTYN3N,5.095890410958904,f
266,misaligned,different,0.6666666666666666,UX6XX6,4.931506849315069,m
267,misaligned,different,1.0,ZFEcFW,4.191780821917808,f
268,misaligned,different,0.3333333333333333,FMNR4U,4.602739726027397,f
269,misaligned,different,0.8333333333333334,QWFWAQ,6.904109589041096,f
270,misaligned,different,1.0,PHM3KT,5.835616438356165,f
271,misaligned,different,1.0,TMBc4N,4.931506849315069,m
272,misaligned,different,1.0,NRHSFK,5.506849315068493,m
273,misaligned,different,0.3333333333333333,BK45G2,4.767123287671233,m
274,misaligned,different,0.8333333333333334,ADUJcY,6.082191780821918,m
275,misaligned,different,0.8333333333333334,YdTJH7,5.424657534246576,f
276,misaligned,different,0.5,TKA647,4.109589041095891,m
277,misaligned,different,0.8,JLCN7S,5.506849315068493,f
278,misaligned,different,1.0,3R2CUC,5.835616438356165,f
279,misaligned,different,0.6666666666666666,LcYFQM,5.506849315068493,f
280,misaligned,different,0.4,BUR2PY,4.191780821917808,m
281,misaligned,different,0.8333333333333334,EV5Z3R,5.671232876712328,m
282,misaligned,different,0.6666666666666666,WKCNHd,5.260273972602739,m
283,misaligned,different,0.4,REMYW7,4.273972602739726,f
284,misaligned,different,1.0,CVLEAG,4.8493150684931505,f
285,misaligned,different,0.8333333333333334,W7Y6C5,5.424657534246576,m
286,misaligned,different,1.0,KEEN74,5.589041095890411,m
287,misaligned,different,0.4,ACXXZ7,4.767123287671233,m
288,misaligned,different,0.8333333333333334,VLB4L4,5.671232876712328,f
289,misaligned,different,0.0,EQXFYM,5.095890410958904,m
290,misaligned,different,1.0,Z7CAJd,6.082191780821918,f
291,misaligned,different,1.0,7P6WGH,5.917808219178082,f
292,misaligned,different,0.5,GC34M3,4.602739726027397,f
293,misaligned,different,1.0,5QcHDS,4.3561643835616435,f
294,misaligned,different,0.5,4ST2Rd,4.684931506849315,m
295,misaligned,different,0.5,QLJ6L2,4.273972602739726,f
296,misaligned,different,0.0,VL6G4F,4.602739726027397,m
297,misaligned,different,1.0,CQNccL,5.013698630136986,f
298,misaligned,different,1.0,VARPcD,4.767123287671233,f
299,misaligned,different,0.6,A2VYCT,5.342465753424658,f
300,misaligned,different,1.0,cFUURR,6.410958904109589,f
301,misaligned,different,0.5,NESJTV,5.671232876712328,m
302,misaligned,different,0.8333333333333334,PKKXND,5.671232876712328,m
303,misaligned,different,1.0,5A3dF5,6.493150684931507,f
304,misaligned,different,0.8,QEENND,6.164383561643835,m
305,misaligned,different,0.2,RL5c27,5.095890410958904,o
306,misaligned,different,0.8333333333333334,6FBUKN,4.931506849315069,f
307,misaligned,different,1.0,NdcEQS,6.410958904109589,f
308,misaligned,different,1.0,ZFCGPB,6.986301369863014,f
309,misaligned,different,0.8333333333333334,HZD5P2,6.739726027397261,m
310,misaligned,different,0.8,LV7BXL,6.410958904109589,m
311,misaligned,different,0.8333333333333334,FQcUQT,5.506849315068493,m
312,misaligned,different,0.6666666666666666,VXA7XE,5.917808219178082,m
313,misaligned,different,0.0,2H7PLP,5.260273972602739,m
314,misaligned,different,1.0,TSZUY4,5.506849315068493,m
315,misaligned,different,1.0,JMTYZH,5.095890410958904,m
316,misaligned,different,0.4,BcD7QG,4.027397260273973,m
317,misaligned,different,0.6666666666666666,6RPUM7,4.273972602739726,m
318,misaligned,different,1.0,cdPUJD,5.589041095890411,m
319,misaligned,different,1.0,TQ5R7T,5.506849315068493,f
320,misaligned,different,0.8,4LVKMA,6.082191780821918,m
321,misaligned,different,0.8333333333333334,cHT4YU,6.2465753424657535,f
322,misaligned,different,1.0,JY6LQ2,6.164383561643835,f
323,misaligned,different,0.8333333333333334,U672B2,5.835616438356165,f
324,misaligned,different,0.0,WF4NVS,4.684931506849315,m
325,misaligned,different,1.0,FWYC7C,5.424657534246576,f
326,misaligned,different,0.3333333333333333,PB3BCS,4.767123287671233,f
327,misaligned,different,0.5,TNSEWV,4.767123287671233,m
328,misaligned,different,0.8333333333333334,V72TLK,6.739726027397261,f
329,misaligned,different,0.8,XV65MW,6.164383561643835,f
330,misaligned,different,0.3333333333333333,WWYcKQ,5.424657534246576,f
331,misaligned,different,0.8333333333333334,ZAMEDX,4.191780821917808,m
332,misaligned,different,1.0,QPRR32,6.904109589041096,f
333,misaligned,different,1.0,3W34dW,6.0,f
334,misaligned,different,0.8333333333333334,PHFCV3,5.342465753424658,f
335,misaligned,different,0.8,VFFF4H,4.191780821917808,m
336,misaligned,different,0.4,CJdTB6,4.3561643835616435,m
337,misaligned,different,0.8333333333333334,TV373M,6.657534246575342,m
338,misaligned,different,1.0,CRVCXD,6.986301369863014,m
339,misaligned,different,0.4,YPdQNV,4.109589041095891,f
340,misaligned,different,0.8333333333333334,7cNKKD,5.342465753424658,m
341,misaligned,different,0.3333333333333333,CZGRED,5.506849315068493,m
342,misaligned,different,0.8333333333333334,663UJX,6.986301369863014,f
343,misaligned,different,0.8333333333333334,KMGJCF,6.575342465753424,m
344,misaligned,different,0.4,FZLQ2Y,4.602739726027397,m
345,misaligned,different,1.0,33UX2S,5.7534246575342465,f
346,misaligned,different,0.4,H2VVXG,4.191780821917808,f
347,misaligned,different,0.5,F4AJSB,5.342465753424658,m
348,misaligned,different,0.6666666666666666,4UE4J2,5.506849315068493,m
349,misaligned,different,0.16666666666666666,ZTYVTW,4.027397260273973,f
350,misaligned,different,0.4,R52TRD,4.027397260273973,m
351,misaligned,different,1.0,ZJPWHP,6.328767123287672,m
352,misaligned,different,0.0,RJRCRR,5.917808219178082,f
353,misaligned,different,0.0,CECNMS,4.3561643835616435,m
354,misaligned,different,1.0,5cKP4G,6.410958904109589,m
355,misaligned,different,0.3333333333333333,SNURNN,4.52054794520548,m
356,misaligned,different,0.8333333333333334,7AZPQD,4.438356164383562,f
357,misaligned,different,0.8333333333333334,2TGKCT,6.657534246575342,f
358,misaligned,different,1.0,K6FGHF,6.493150684931507,m
359,misaligned,different,1.0,dEEK22,6.739726027397261,f
360,misaligned,different,1.0,ZRHCPK,4.273972602739726,m
361,misaligned,different,0.8333333333333334,dcXZY4,6.904109589041096,m
362,misaligned,different,0.5,7BKKNM,4.3561643835616435,f
363,misaligned,different,0.75,MR5U5N,4.3561643835616435,m
364,misaligned,different,1.0,5SAMNS,5.589041095890411,m
365,misaligned,different,1.0,C57ASP,6.904109589041096,m
366,misaligned,different,0.6666666666666666,LA6RF5,5.260273972602739,m
367,misaligned,different,1.0,42cZAM,6.657534246575342,f
368,misaligned,different,0.8333333333333334,TLLBVC,6.986301369863014,f
369,misaligned,different,0.4,RNcVC3,4.684931506849315,f
370,misaligned,different,0.6,2G2AL4,4.3561643835616435,m
371,misaligned,different,0.8333333333333334,X37SMJ,5.917808219178082,f
372,misaligned,different,0.5,G277c4,4.109589041095891,m
373,misaligned,different,0.8,Uc5HAY,6.2465753424657535,f
374,misaligned,different,0.8333333333333334,dHWQWK,5.7534246575342465,f
375,misaligned,different,0.0,46QP6X,4.684931506849315,f
376,misaligned,different,0.8,PD62cC,4.191780821917808,f
377,misaligned,different,0.4,RKQERS,4.109589041095891,m
378,misaligned,different,0.8333333333333334,QYYW46,5.342465753424658,f
379,misaligned,different,0.8333333333333334,CdBSPP,4.109589041095891,f
380,misaligned,different,1.0,F4LDT2,5.260273972602739,m
381,misaligned,different,1.0,c2JcAQ,4.931506849315069,m
382,misaligned,different,0.8333333333333334,34RM3G,6.575342465753424,m
383,misaligned,different,0.8333333333333334,FKJTLd,4.191780821917808,m
384,misaligned,different,0.8333333333333334,MX7YEJ,6.575342465753424,m
385,misaligned,different,0.0,XUS5CL,4.109589041095891,f
386,misaligned,different,0.8333333333333334,DH27SD,6.0,m
387,misaligned,different,0.8333333333333334,KKY3TT,5.342465753424658,f
388,misaligned,different,0.16666666666666666,QE5J2H,5.424657534246576,m
389,misaligned,different,0.8333333333333334,WScYBT,5.7534246575342465,m
390,misaligned,different,1.0,VYHNXF,6.328767123287672,m
391,misaligned,different,0.8333333333333334,RU4MYJ,4.438356164383562,m
392,misaligned,different,0.6666666666666666,BNRGKZ,5.260273972602739,f
393,misaligned,different,1.0,RRA4CB,5.506849315068493,f
394,misaligned,different,0.8333333333333334,GYYNLD,4.3561643835616435,m
395,misaligned,different,0.6666666666666666,RNCZJc,6.739726027397261,m
396,misaligned,different,0.8,RP2HDS,6.904109589041096,f
397,misaligned,different,0.2,EHHRXd,4.767123287671233,m
398,misaligned,different,0.0,NTYN3N,5.095890410958904,f
399,aligned,different,0.3333333333333333,UX6XX6,4.931506849315069,m
400,aligned,different,1.0,ZFEcFW,4.191780821917808,f
401,aligned,different,0.6666666666666666,FMNR4U,4.602739726027397,f
402,aligned,different,1.0,QWFWAQ,6.904109589041096,f
403,aligned,different,1.0,PHM3KT,5.835616438356165,f
404,aligned,different,0.8333333333333334,TMBc4N,4.931506849315069,m
405,aligned,different,1.0,NRHSFK,5.506849315068493,m
406,aligned,different,0.4,BK45G2,4.767123287671233,m
407,aligned,different,1.0,ADUJcY,6.082191780821918,m
408,aligned,different,0.8,YdTJH7,5.424657534246576,f
409,aligned,different,1.0,TKA647,4.109589041095891,m
410,aligned,different,0.8333333333333334,JLCN7S,5.506849315068493,f
411,aligned,different,1.0,3R2CUC,5.835616438356165,f
412,aligned,different,0.5,LcYFQM,5.506849315068493,f
413,aligned,different,0.6,BUR2PY,4.191780821917808,m
414,aligned,different,1.0,EV5Z3R,5.671232876712328,m
415,aligned,different,0.4,WKCNHd,5.260273972602739,m
416,aligned,different,1.0,REMYW7,4.273972602739726,f
417,aligned,different,1.0,CVLEAG,4.8493150684931505,f
418,aligned,different,1.0,W7Y6C5,5.424657534246576,m
419,aligned,different,0.8333333333333334,KEEN74,5.589041095890411,m
420,aligned,different,0.6666666666666666,ACXXZ7,4.767123287671233,m
421,aligned,different,1.0,VLB4L4,5.671232876712328,f
422,aligned,different,0.16666666666666666,EQXFYM,5.095890410958904,m
423,aligned,different,1.0,Z7CAJd,6.082191780821918,f
424,aligned,different,1.0,7P6WGH,5.917808219178082,f
425,aligned,different,1.0,GC34M3,4.602739726027397,f
426,aligned,different,1.0,5QcHDS,4.3561643835616435,f
427,aligned,different,0.3333333333333333,4ST2Rd,4.684931506849315,m
428,aligned,different,0.6,QLJ6L2,4.273972602739726,f
429,aligned,different,1.0,VL6G4F,4.602739726027397,m
430,aligned,different,0.6,CQNccL,5.013698630136986,f
431,aligned,different,1.0,VARPcD,4.767123287671233,f
432,aligned,different,1.0,A2VYCT,5.342465753424658,f
433,aligned,different,1.0,cFUURR,6.410958904109589,f
434,aligned,different,0.4,NESJTV,5.671232876712328,m
435,aligned,different,1.0,PKKXND,5.671232876712328,m
436,aligned,different,1.0,5A3dF5,6.493150684931507,f
437,aligned,different,0.8333333333333334,QEENND,6.164383561643835,m
438,aligned,different,0.6666666666666666,RL5c27,5.095890410958904,o
439,aligned,different,0.3333333333333333,6FBUKN,4.931506849315069,f
440,aligned,different,1.0,NdcEQS,6.410958904109589,f
441,aligned,different,1.0,ZFCGPB,6.986301369863014,f
442,aligned,different,1.0,HZD5P2,6.739726027397261,m
443,aligned,different,1.0,LV7BXL,6.410958904109589,m
444,aligned,different,0.5,FQcUQT,5.506849315068493,m
445,aligned,different,0.3333333333333333,VXA7XE,5.917808219178082,m
446,aligned,different,0.8333333333333334,2H7PLP,5.260273972602739,m
447,aligned,different,1.0,TSZUY4,5.506849315068493,m
448,aligned,different,1.0,JMTYZH,5.095890410958904,m
449,aligned,different,0.6,BcD7QG,4.027397260273973,m
450,aligned,different,0.3333333333333333,6RPUM7,4.273972602739726,m
451,aligned,different,1.0,cdPUJD,5.589041095890411,m
452,aligned,different,0.8333333333333334,TQ5R7T,5.506849315068493,f
453,aligned,different,1.0,4LVKMA,6.082191780821918,m
454,aligned,different,1.0,cHT4YU,6.2465753424657535,f
455,aligned,different,1.0,JY6LQ2,6.164383561643835,f
456,aligned,different,1.0,U672B2,5.835616438356165,f
457,aligned,different,0.0,WF4NVS,4.684931506849315,m
458,aligned,different,1.0,FWYC7C,5.424657534246576,f
459,aligned,different,0.8333333333333334,PB3BCS,4.767123287671233,f
460,aligned,different,0.6,TNSEWV,4.767123287671233,m
461,aligned,different,0.8333333333333334,V72TLK,6.739726027397261,f
462,aligned,different,1.0,XV65MW,6.164383561643835,f
463,aligned,different,0.3333333333333333,WWYcKQ,5.424657534246576,f
464,aligned,different,0.8333333333333334,ZAMEDX,4.191780821917808,m
465,aligned,different,0.8333333333333334,QPRR32,6.904109589041096,f
466,aligned,different,0.4,3W34dW,6.0,f
467,aligned,different,1.0,PHFCV3,5.342465753424658,f
468,aligned,different,1.0,VFFF4H,4.191780821917808,m
469,aligned,different,0.16666666666666666,CJdTB6,4.3561643835616435,m
470,aligned,different,1.0,TV373M,6.657534246575342,m
471,aligned,different,0.8333333333333334,CRVCXD,6.986301369863014,m
472,aligned,different,0.2,YPdQNV,4.109589041095891,f
473,aligned,different,1.0,7cNKKD,5.342465753424658,m
474,aligned,different,0.5,CZGRED,5.506849315068493,m
475,aligned,different,1.0,663UJX,6.986301369863014,f
476,aligned,different,1.0,KMGJCF,6.575342465753424,m
477,aligned,different,0.6666666666666666,FZLQ2Y,4.602739726027397,m
478,aligned,different,1.0,33UX2S,5.7534246575342465,f
479,aligned,different,0.6666666666666666,H2VVXG,4.191780821917808,f
480,aligned,different,0.8,F4AJSB,5.342465753424658,m
481,aligned,different,1.0,4UE4J2,5.506849315068493,m
482,aligned,different,1.0,ZTYVTW,4.027397260273973,f
483,aligned,different,0.6666666666666666,R52TRD,4.027397260273973,m
484,aligned,different,1.0,ZJPWHP,6.328767123287672,m
485,aligned,different,0.16666666666666666,RJRCRR,5.917808219178082,f
486,aligned,different,0.0,CECNMS,4.3561643835616435,m
487,aligned,different,0.8333333333333334,5cKP4G,6.410958904109589,m
488,aligned,different,0.5,SNURNN,4.52054794520548,m
489,aligned,different,0.3333333333333333,7AZPQD,4.438356164383562,f
490,aligned,different,0.6666666666666666,2TGKCT,6.657534246575342,f
491,aligned,different,0.8,K6FGHF,6.493150684931507,m
492,aligned,different,1.0,dEEK22,6.739726027397261,f
493,aligned,different,0.5,ZRHCPK,4.273972602739726,m
494,aligned,different,0.8333333333333334,dcXZY4,6.904109589041096,m
495,aligned,different,0.6666666666666666,7BKKNM,4.3561643835616435,f
496,aligned,different,1.0,MR5U5N,4.3561643835616435,m
497,aligned,different,1.0,5SAMNS,5.589041095890411,m
498,aligned,different,1.0,C57ASP,6.904109589041096,m
499,aligned,different,0.6666666666666666,LA6RF5,5.260273972602739,m
500,aligned,different,0.8,42cZAM,6.657534246575342,f
501,aligned,different,1.0,TLLBVC,6.986301369863014,f
502,aligned,different,0.5,RNcVC3,4.684931506849315,f
503,aligned,different,1.0,2G2AL4,4.3561643835616435,m
504,aligned,different,1.0,X37SMJ,5.917808219178082,f
505,aligned,different,0.5,G277c4,4.109589041095891,m
506,aligned,different,0.3333333333333333,Uc5HAY,6.2465753424657535,f
507,aligned,different,1.0,dHWQWK,5.7534246575342465,f
508,aligned,different,0.3333333333333333,46QP6X,4.684931506849315,f
509,aligned,different,1.0,PD62cC,4.191780821917808,f
510,aligned,different,0.6,RKQERS,4.109589041095891,m
511,aligned,different,1.0,QYYW46,5.342465753424658,f
512,aligned,different,0.4,CdBSPP,4.109589041095891,f
513,aligned,different,1.0,F4LDT2,5.260273972602739,m
514,aligned,different,0.8,c2JcAQ,4.931506849315069,m
515,aligned,different,0.8333333333333334,34RM3G,6.575342465753424,m
516,aligned,different,0.8,FKJTLd,4.191780821917808,m
517,aligned,different,1.0,MX7YEJ,6.575342465753424,m
518,aligned,different,0.0,XUS5CL,4.109589041095891,f
519,aligned,different,1.0,DH27SD,6.0,m
520,aligned,different,1.0,KKY3TT,5.342465753424658,f
521,aligned,different,0.6,QE5J2H,5.424657534246576,m
522,aligned,different,0.6666666666666666,WScYBT,5.7534246575342465,m
523,aligned,different,1.0,VYHNXF,6.328767123287672,m
524,aligned,different,0.6666666666666666,RU4MYJ,4.438356164383562,m
525,aligned,different,0.8333333333333334,BNRGKZ,5.260273972602739,f
526,aligned,different,0.6666666666666666,RRA4CB,5.506849315068493,f
527,aligned,different,0.5,GYYNLD,4.3561643835616435,m
528,aligned,different,0.6666666666666666,RNCZJc,6.739726027397261,m
529,aligned,different,1.0,RP2HDS,6.904109589041096,f
530,aligned,different,0.2,EHHRXd,4.767123287671233,m
531,aligned,different,0.3333333333333333,NTYN3N,5.095890410958904,f
