,alignment,condition,time_screen,sub,age,gender
0,misaligned,same,4.275,UX6XX6,4.931506849315069,m
1,misaligned,same,2.290909090909091,ZFEcFW,4.191780821917808,f
2,misaligned,same,2.669999999999999,FMNR4U,4.602739726027397,f
3,misaligned,same,0.49999999999999994,QWFWAQ,6.904109589041096,f
4,misaligned,same,6.233333333333334,PHM3KT,5.835616438356165,f
5,misaligned,same,3.793,TMBc4N,4.931506849315069,m
6,misaligned,same,2.9454545454545453,NRHSFK,5.506849315068493,m
7,misaligned,same,2.1833333333333336,BK45G2,4.767123287671233,m
8,misaligned,same,2.251666666666667,ADUJcY,6.082191780821918,m
9,misaligned,same,2.2800000000000002,YdTJH7,5.424657534246576,f
10,misaligned,same,3.4416666666666664,TKA647,4.109589041095891,m
11,misaligned,same,2.7,JLCN7S,5.506849315068493,f
12,misaligned,same,4.2272727272727275,3R2CUC,5.835616438356165,f
13,misaligned,same,2.67,LcYFQM,5.506849315068493,f
14,misaligned,same,10.2975,BUR2PY,4.191780821917808,m
15,misaligned,same,3.928181818181818,EV5Z3R,5.671232876712328,m
16,misaligned,same,2.983333333333334,WKCNHd,5.260273972602739,m
17,misaligned,same,5.103636363636364,REMYW7,4.273972602739726,f
18,misaligned,same,6.765000000000001,CVLEAG,4.8493150684931505,f
19,misaligned,same,2.8225000000000002,W7Y6C5,5.424657534246576,m
20,misaligned,same,13.574999999999998,KEEN74,5.589041095890411,m
21,misaligned,same,6.009090909090909,ACXXZ7,4.767123287671233,m
22,misaligned,same,1.8,VLB4L4,5.671232876712328,f
23,misaligned,same,2.866666666666666,EQXFYM,5.095890410958904,m
24,misaligned,same,5.435833333333335,Z7CAJd,6.082191780821918,f
25,misaligned,same,1.7454545454545454,7P6WGH,5.917808219178082,f
26,misaligned,same,2.690909090909091,GC34M3,4.602739726027397,f
27,misaligned,same,6.763636363636363,5QcHDS,4.3561643835616435,f
28,misaligned,same,2.2,4ST2Rd,4.684931506849315,m
29,misaligned,same,8.465454545454545,QLJ6L2,4.273972602739726,f
30,misaligned,same,1.7166666666666668,VL6G4F,4.602739726027397,m
31,misaligned,same,2.1909090909090914,CQNccL,5.013698630136986,f
32,misaligned,same,6.954545454545454,VARPcD,4.767123287671233,f
33,misaligned,same,3.2454545454545456,A2VYCT,5.342465753424658,f
34,misaligned,same,2.3833333333333333,cFUURR,6.410958904109589,f
35,misaligned,same,2.4124999999999996,NESJTV,5.671232876712328,m
36,misaligned,same,3.727272727272727,PKKXND,5.671232876712328,m
37,misaligned,same,2.1675,5A3dF5,6.493150684931507,f
38,misaligned,same,8.135454545454545,QEENND,6.164383561643835,m
39,misaligned,same,13.999999999999998,RL5c27,5.095890410958904,o
40,misaligned,same,7.18,6FBUKN,4.931506849315069,f
41,misaligned,same,3.870909090909092,NdcEQS,6.410958904109589,f
42,misaligned,same,1.7909090909090908,ZFCGPB,6.986301369863014,f
43,misaligned,same,1.125,HZD5P2,6.739726027397261,m
44,misaligned,same,2.5818181818181816,LV7BXL,6.410958904109589,m
45,misaligned,same,1.2166666666666666,FQcUQT,5.506849315068493,m
46,misaligned,same,0.8583333333333335,VXA7XE,5.917808219178082,m
47,misaligned,same,7.045454545454544,2H7PLP,5.260273972602739,m
48,misaligned,same,3.008333333333334,TSZUY4,5.506849315068493,m
49,misaligned,same,2.066666666666667,JMTYZH,5.095890410958904,m
50,misaligned,same,1.6583333333333332,BcD7QG,4.027397260273973,m
51,misaligned,same,5.366666666666667,6RPUM7,4.273972602739726,m
52,misaligned,same,1.6545454545454545,cdPUJD,5.589041095890411,m
53,misaligned,same,4.509090909090909,TQ5R7T,5.506849315068493,f
54,misaligned,same,2.175,4LVKMA,6.082191780821918,m
55,misaligned,same,7.081818181818179,cHT4YU,6.2465753424657535,f
56,misaligned,same,1.6454545454545455,JY6LQ2,6.164383561643835,f
57,misaligned,same,2.725,U672B2,5.835616438356165,f
58,misaligned,same,1.6050000000000002,WF4NVS,4.684931506849315,m
59,misaligned,same,3.7750000000000004,FWYC7C,5.424657534246576,f
60,misaligned,same,4.718181818181819,PB3BCS,4.767123287671233,f
61,misaligned,same,2.4,TNSEWV,4.767123287671233,m
62,misaligned,same,3.7099999999999995,V72TLK,6.739726027397261,f
63,misaligned,same,2.81,XV65MW,6.164383561643835,f
64,misaligned,same,1.7818181818181815,WWYcKQ,5.424657534246576,f
65,misaligned,same,6.2299999999999995,ZAMEDX,4.191780821917808,m
66,misaligned,same,5.11,QPRR32,6.904109589041096,f
67,misaligned,same,2.936363636363637,3W34dW,6.0,f
68,misaligned,same,4.061000000000001,PHFCV3,5.342465753424658,f
69,misaligned,same,1.5416666666666667,VFFF4H,4.191780821917808,m
70,misaligned,same,3.5909090909090917,CJdTB6,4.3561643835616435,m
71,misaligned,same,2.3833333333333333,TV373M,6.657534246575342,m
72,misaligned,same,2.2833333333333337,CRVCXD,6.986301369863014,m
73,misaligned,same,3.941666666666667,YPdQNV,4.109589041095891,f
74,misaligned,same,3.7345454545454544,7cNKKD,5.342465753424658,m
75,misaligned,same,3.3181818181818175,CZGRED,5.506849315068493,m
76,misaligned,same,2.5181818181818185,663UJX,6.986301369863014,f
77,misaligned,same,1.8333333333333333,KMGJCF,6.575342465753424,m
78,misaligned,same,4.8545454545454545,FZLQ2Y,4.602739726027397,m
79,misaligned,same,1.941666666666667,33UX2S,5.7534246575342465,f
80,misaligned,same,2.25,H2VVXG,4.191780821917808,f
81,misaligned,same,3.408333333333333,F4AJSB,5.342465753424658,m
82,misaligned,same,1.44,4UE4J2,5.506849315068493,m
83,misaligned,same,3.1333333333333333,ZTYVTW,4.027397260273973,f
84,misaligned,same,8.016666666666667,R52TRD,4.027397260273973,m
85,misaligned,same,1.6783333333333335,ZJPWHP,6.328767123287672,m
86,misaligned,same,2.4554545454545447,RJRCRR,5.917808219178082,f
87,misaligned,same,2.275,CECNMS,4.3561643835616435,m
88,misaligned,same,4.475,5cKP4G,6.410958904109589,m
89,misaligned,same,4.072727272727273,SNURNN,4.52054794520548,m
90,misaligned,same,7.641666666666668,7AZPQD,4.438356164383562,f
91,misaligned,same,3.5818181818181825,2TGKCT,6.657534246575342,f
92,misaligned,same,1.3800000000000001,K6FGHF,6.493150684931507,m
93,misaligned,same,2.5209090909090905,dEEK22,6.739726027397261,f
94,misaligned,same,3.0181818181818176,ZRHCPK,4.273972602739726,m
95,misaligned,same,3.764545454545455,dcXZY4,6.904109589041096,m
96,misaligned,same,2.7545454545454544,7BKKNM,4.3561643835616435,f
97,misaligned,same,5.127,MR5U5N,4.3561643835616435,m
98,misaligned,same,1.2272727272727273,5SAMNS,5.589041095890411,m
99,misaligned,same,5.675,C57ASP,6.904109589041096,m
100,misaligned,same,3.9709090909090907,LA6RF5,5.260273972602739,m
101,misaligned,same,1.4190909090909092,42cZAM,6.657534246575342,f
102,misaligned,same,3.9691666666666663,TLLBVC,6.986301369863014,f
103,misaligned,same,1.8316666666666668,RNcVC3,4.684931506849315,f
104,misaligned,same,2.783333333333333,2G2AL4,4.3561643835616435,m
105,misaligned,same,9.291818181818183,X37SMJ,5.917808219178082,f
106,misaligned,same,8.008999999999999,G277c4,4.109589041095891,m
107,misaligned,same,3.6363636363636362,Uc5HAY,6.2465753424657535,f
108,misaligned,same,2.6181818181818177,dHWQWK,5.7534246575342465,f
109,misaligned,same,5.534166666666667,46QP6X,4.684931506849315,f
110,misaligned,same,2.59,PD62cC,4.191780821917808,f
111,misaligned,same,2.3750000000000004,RKQERS,4.109589041095891,m
112,misaligned,same,2.9166666666666665,QYYW46,5.342465753424658,f
113,misaligned,same,4.372727272727273,CdBSPP,4.109589041095891,f
114,misaligned,same,6.758333333333333,F4LDT2,5.260273972602739,m
115,misaligned,same,0.8908333333333331,c2JcAQ,4.931506849315069,m
116,misaligned,same,1.5799999999999996,34RM3G,6.575342465753424,m
117,misaligned,same,2.5916666666666663,FKJTLd,4.191780821917808,m
118,misaligned,same,3.399090909090909,MX7YEJ,6.575342465753424,m
119,misaligned,same,1.8654545454545455,XUS5CL,4.109589041095891,f
120,misaligned,same,3.9909090909090907,DH27SD,6.0,m
121,misaligned,same,1.7181818181818178,KKY3TT,5.342465753424658,f
122,misaligned,same,3.3463636363636367,QE5J2H,5.424657534246576,m
123,misaligned,same,3.7181818181818187,WScYBT,5.7534246575342465,m
124,misaligned,same,1.425,VYHNXF,6.328767123287672,m
125,misaligned,same,2.927272727272727,RU4MYJ,4.438356164383562,m
126,misaligned,same,3.625,BNRGKZ,5.260273972602739,f
127,misaligned,same,2.132,RRA4CB,5.506849315068493,f
128,misaligned,same,2.4909090909090916,GYYNLD,4.3561643835616435,m
129,misaligned,same,2.7750000000000004,RNCZJc,6.739726027397261,m
130,misaligned,same,4.675833333333332,RP2HDS,6.904109589041096,f
131,misaligned,same,4.417272727272727,EHHRXd,4.767123287671233,m
132,misaligned,same,0.6727272727272727,NTYN3N,5.095890410958904,f
133,aligned,same,3.7181818181818183,UX6XX6,4.931506849315069,m
134,aligned,same,2.5436363636363635,ZFEcFW,4.191780821917808,f
135,aligned,same,1.6916666666666667,FMNR4U,4.602739726027397,f
136,aligned,same,0.5888888888888888,QWFWAQ,6.904109589041096,f
137,aligned,same,7.7700000000000005,PHM3KT,5.835616438356165,f
138,aligned,same,6.7749999999999995,TMBc4N,4.931506849315069,m
139,aligned,same,2.3454545454545457,NRHSFK,5.506849315068493,m
140,aligned,same,2.588888888888889,BK45G2,4.767123287671233,m
141,aligned,same,2.961,ADUJcY,6.082191780821918,m
142,aligned,same,4.266666666666667,YdTJH7,5.424657534246576,f
143,aligned,same,4.841666666666668,TKA647,4.109589041095891,m
144,aligned,same,2.1574999999999998,JLCN7S,5.506849315068493,f
145,aligned,same,5.381818181818182,3R2CUC,5.835616438356165,f
146,aligned,same,3.508333333333333,LcYFQM,5.506849315068493,f
147,aligned,same,5.95,BUR2PY,4.191780821917808,m
148,aligned,same,4.584166666666667,EV5Z3R,5.671232876712328,m
149,aligned,same,2.463636363636364,WKCNHd,5.260273972602739,m
150,aligned,same,5.085,REMYW7,4.273972602739726,f
151,aligned,same,5.8618181818181805,CVLEAG,4.8493150684931505,f
152,aligned,same,3.5454545454545454,W7Y6C5,5.424657534246576,m
153,aligned,same,14.718181818181817,KEEN74,5.589041095890411,m
154,aligned,same,6.766666666666666,ACXXZ7,4.767123287671233,m
155,aligned,same,1.7999999999999998,VLB4L4,5.671232876712328,f
156,aligned,same,2.881818181818182,EQXFYM,5.095890410958904,m
157,aligned,same,4.353,Z7CAJd,6.082191780821918,f
158,aligned,same,1.763636363636364,7P6WGH,5.917808219178082,f
159,aligned,same,3.401818181818182,GC34M3,4.602739726027397,f
160,aligned,same,4.916666666666667,5QcHDS,4.3561643835616435,f
161,aligned,same,2.4000000000000004,4ST2Rd,4.684931506849315,m
162,aligned,same,7.784166666666665,QLJ6L2,4.273972602739726,f
163,aligned,same,1.4666666666666668,VL6G4F,4.602739726027397,m
164,aligned,same,2.4,CQNccL,5.013698630136986,f
165,aligned,same,6.65,VARPcD,4.767123287671233,f
166,aligned,same,6.483333333333333,A2VYCT,5.342465753424658,f
167,aligned,same,3.7000000000000006,cFUURR,6.410958904109589,f
168,aligned,same,3.5190909090909086,NESJTV,5.671232876712328,m
169,aligned,same,2.908333333333333,PKKXND,5.671232876712328,m
170,aligned,same,3.7190909090909092,5A3dF5,6.493150684931507,f
171,aligned,same,6.011666666666667,QEENND,6.164383561643835,m
172,aligned,same,12.924999999999999,RL5c27,5.095890410958904,o
173,aligned,same,4.840000000000001,6FBUKN,4.931506849315069,f
174,aligned,same,4.840000000000001,NdcEQS,6.410958904109589,f
175,aligned,same,3.209090909090909,ZFCGPB,6.986301369863014,f
176,aligned,same,1.3090909090909089,HZD5P2,6.739726027397261,m
177,aligned,same,3.1166666666666667,LV7BXL,6.410958904109589,m
178,aligned,same,2.25,FQcUQT,5.506849315068493,m
179,aligned,same,1.6,VXA7XE,5.917808219178082,m
180,aligned,same,11.815833333333332,2H7PLP,5.260273972602739,m
181,aligned,same,3.563636363636363,TSZUY4,5.506849315068493,m
182,aligned,same,2.6545454545454548,JMTYZH,5.095890410958904,m
183,aligned,same,1.2416666666666667,BcD7QG,4.027397260273973,m
184,aligned,same,6.33,6RPUM7,4.273972602739726,m
185,aligned,same,2.730909090909091,cdPUJD,5.589041095890411,m
186,aligned,same,5.291666666666666,TQ5R7T,5.506849315068493,f
187,aligned,same,2.9333333333333336,4LVKMA,6.082191780821918,m
188,aligned,same,6.6000000000000005,cHT4YU,6.2465753424657535,f
189,aligned,same,2.4916666666666667,JY6LQ2,6.164383561643835,f
190,aligned,same,5.481818181818182,U672B2,5.835616438356165,f
191,aligned,same,1.6266666666666667,WF4NVS,4.684931506849315,m
192,aligned,same,3.8272727272727267,FWYC7C,5.424657534246576,f
193,aligned,same,5.241666666666666,PB3BCS,4.767123287671233,f
194,aligned,same,2.4666666666666663,TNSEWV,4.767123287671233,m
195,aligned,same,4.764166666666665,V72TLK,6.739726027397261,f
196,aligned,same,2.7675,XV65MW,6.164383561643835,f
197,aligned,same,1.6554545454545455,WWYcKQ,5.424657534246576,f
198,aligned,same,8.200000000000001,ZAMEDX,4.191780821917808,m
199,aligned,same,3.7827272727272727,QPRR32,6.904109589041096,f
200,aligned,same,2.9008333333333334,3W34dW,6.0,f
201,aligned,same,2.9818181818181824,PHFCV3,5.342465753424658,f
202,aligned,same,1.6454545454545455,VFFF4H,4.191780821917808,m
203,aligned,same,2.5818181818181816,CJdTB6,4.3561643835616435,m
204,aligned,same,1.908333333333333,TV373M,6.657534246575342,m
205,aligned,same,4.836363636363637,CRVCXD,6.986301369863014,m
206,aligned,same,2.058333333333333,YPdQNV,4.109589041095891,f
207,aligned,same,2.555454545454546,7cNKKD,5.342465753424658,m
208,aligned,same,2.8636363636363633,CZGRED,5.506849315068493,m
209,aligned,same,3.290909090909091,663UJX,6.986301369863014,f
210,aligned,same,1.5354545454545454,KMGJCF,6.575342465753424,m
211,aligned,same,4.6066666666666665,FZLQ2Y,4.602739726027397,m
212,aligned,same,2.4655555555555555,33UX2S,5.7534246575342465,f
213,aligned,same,2.55,H2VVXG,4.191780821917808,f
214,aligned,same,2.858333333333334,F4AJSB,5.342465753424658,m
215,aligned,same,1.7916666666666667,4UE4J2,5.506849315068493,m
216,aligned,same,4.380000000000001,ZTYVTW,4.027397260273973,f
217,aligned,same,10.616666666666665,R52TRD,4.027397260273973,m
218,aligned,same,1.4481818181818182,ZJPWHP,6.328767123287672,m
219,aligned,same,1.4533333333333334,RJRCRR,5.917808219178082,f
220,aligned,same,2.0583333333333336,CECNMS,4.3561643835616435,m
221,aligned,same,5.6090909090909085,5cKP4G,6.410958904109589,m
222,aligned,same,6.8199999999999985,SNURNN,4.52054794520548,m
223,aligned,same,1.8666666666666665,7AZPQD,4.438356164383562,f
224,aligned,same,4.1000000000000005,2TGKCT,6.657534246575342,f
225,aligned,same,1.6583333333333332,K6FGHF,6.493150684931507,m
226,aligned,same,2.375,dEEK22,6.739726027397261,f
227,aligned,same,3.8916666666666675,ZRHCPK,4.273972602739726,m
228,aligned,same,3.110909090909091,dcXZY4,6.904109589041096,m
229,aligned,same,2.4272727272727277,7BKKNM,4.3561643835616435,f
230,aligned,same,4.999,MR5U5N,4.3561643835616435,m
231,aligned,same,1.52,5SAMNS,5.589041095890411,m
232,aligned,same,8.064545454545454,C57ASP,6.904109589041096,m
233,aligned,same,5.259166666666667,LA6RF5,5.260273972602739,m
234,aligned,same,2.1316666666666664,42cZAM,6.657534246575342,f
235,aligned,same,6.834545454545455,TLLBVC,6.986301369863014,f
236,aligned,same,2.200909090909091,RNcVC3,4.684931506849315,f
237,aligned,same,2.308333333333333,2G2AL4,4.3561643835616435,m
238,aligned,same,7.6175,X37SMJ,5.917808219178082,f
239,aligned,same,3.8575,G277c4,4.109589041095891,m
240,aligned,same,3.6916666666666664,Uc5HAY,6.2465753424657535,f
241,aligned,same,1.6660000000000004,dHWQWK,5.7534246575342465,f
242,aligned,same,3.394545454545455,46QP6X,4.684931506849315,f
243,aligned,same,1.9672727272727273,PD62cC,4.191780821917808,f
244,aligned,same,2.091666666666667,RKQERS,4.109589041095891,m
245,aligned,same,3.590909090909091,QYYW46,5.342465753424658,f
246,aligned,same,5.736363636363635,CdBSPP,4.109589041095891,f
247,aligned,same,5.250000000000001,F4LDT2,5.260273972602739,m
248,aligned,same,1.2220000000000002,c2JcAQ,4.931506849315069,m
249,aligned,same,3.308333333333333,34RM3G,6.575342465753424,m
250,aligned,same,1.9749999999999999,FKJTLd,4.191780821917808,m
251,aligned,same,1.2819999999999998,MX7YEJ,6.575342465753424,m
252,aligned,same,1.8341666666666665,XUS5CL,4.109589041095891,f
253,aligned,same,4.225833333333333,DH27SD,6.0,m
254,aligned,same,1.1099999999999999,KKY3TT,5.342465753424658,f
255,aligned,same,3.366666666666667,QE5J2H,5.424657534246576,m
256,aligned,same,3.8166666666666664,WScYBT,5.7534246575342465,m
257,aligned,same,3.190909090909091,VYHNXF,6.328767123287672,m
258,aligned,same,3.4909090909090916,RU4MYJ,4.438356164383562,m
259,aligned,same,3.245454545454545,BNRGKZ,5.260273972602739,f
260,aligned,same,1.9790909090909088,RRA4CB,5.506849315068493,f
261,aligned,same,3.6363636363636362,GYYNLD,4.3561643835616435,m
262,aligned,same,2.9899999999999998,RNCZJc,6.739726027397261,m
263,aligned,same,5.141666666666667,RP2HDS,6.904109589041096,f
264,aligned,same,5.241666666666666,EHHRXd,4.767123287671233,m
265,aligned,same,2.42,NTYN3N,5.095890410958904,f
266,misaligned,different,4.116666666666666,UX6XX6,4.931506849315069,m
267,misaligned,different,2.1300000000000003,ZFEcFW,4.191780821917808,f
268,misaligned,different,5.016666666666667,FMNR4U,4.602739726027397,f
269,misaligned,different,0.46499999999999986,QWFWAQ,6.904109589041096,f
270,misaligned,different,3.483333333333333,PHM3KT,5.835616438356165,f
271,misaligned,different,6.481999999999999,TMBc4N,4.931506849315069,m
272,misaligned,different,5.05,NRHSFK,5.506849315068493,m
273,misaligned,different,2.5000000000000004,BK45G2,4.767123287671233,m
274,misaligned,different,2.8000000000000003,ADUJcY,6.082191780821918,m
275,misaligned,different,2.3000000000000003,YdTJH7,5.424657534246576,f
276,misaligned,different,2.033333333333333,TKA647,4.109589041095891,m
277,misaligned,different,3.4019999999999997,JLCN7S,5.506849315068493,f
278,misaligned,different,2.0499999999999994,3R2CUC,5.835616438356165,f
279,misaligned,different,2.9166666666666665,LcYFQM,5.506849315068493,f
280,misaligned,different,11.457999999999998,BUR2PY,4.191780821917808,m
281,misaligned,different,4.47,EV5Z3R,5.671232876712328,m
282,misaligned,different,3.85,WKCNHd,5.260273972602739,m
283,misaligned,different,5.58,REMYW7,4.273972602739726,f
284,misaligned,different,3.7016666666666675,CVLEAG,4.8493150684931505,f
285,misaligned,different,3.3200000000000003,W7Y6C5,5.424657534246576,m
286,misaligned,different,9.833333333333332,KEEN74,5.589041095890411,m
287,misaligned,different,10.360000000000001,ACXXZ7,4.767123287671233,m
288,misaligned,different,2.9333333333333336,VLB4L4,5.671232876712328,f
289,misaligned,different,4.220000000000001,EQXFYM,5.095890410958904,m
290,misaligned,different,3.096666666666667,Z7CAJd,6.082191780821918,f
291,misaligned,different,0.74,7P6WGH,5.917808219178082,f
292,misaligned,different,2.6333333333333333,GC34M3,4.602739726027397,f
293,misaligned,different,3.9499999999999993,5QcHDS,4.3561643835616435,f
294,misaligned,different,1.9500000000000002,4ST2Rd,4.684931506849315,m
295,misaligned,different,10.25,QLJ6L2,4.273972602739726,f
296,misaligned,different,1.0999999999999999,VL6G4F,4.602739726027397,m
297,misaligned,different,2.6166666666666667,CQNccL,5.013698630136986,f
298,misaligned,different,5.616666666666666,VARPcD,4.767123287671233,f
299,misaligned,different,5.42,A2VYCT,5.342465753424658,f
300,misaligned,different,1.7666666666666664,cFUURR,6.410958904109589,f
301,misaligned,different,5.633333333333334,NESJTV,5.671232876712328,m
302,misaligned,different,4.516666666666667,PKKXND,5.671232876712328,m
303,misaligned,different,3.615,5A3dF5,6.493150684931507,f
304,misaligned,different,4.6419999999999995,QEENND,6.164383561643835,m
305,misaligned,different,17.3,RL5c27,5.095890410958904,o
306,misaligned,different,4.765000000000001,6FBUKN,4.931506849315069,f
307,misaligned,different,3.3166666666666664,NdcEQS,6.410958904109589,f
308,misaligned,different,3.6833333333333336,ZFCGPB,6.986301369863014,f
309,misaligned,different,2.5,HZD5P2,6.739726027397261,m
310,misaligned,different,2.5200000000000005,LV7BXL,6.410958904109589,m
311,misaligned,different,2.266666666666667,FQcUQT,5.506849315068493,m
312,misaligned,different,1.0333333333333332,VXA7XE,5.917808219178082,m
313,misaligned,different,4.4,2H7PLP,5.260273972602739,m
314,misaligned,different,6.948333333333333,TSZUY4,5.506849315068493,m
315,misaligned,different,1.2833333333333332,JMTYZH,5.095890410958904,m
316,misaligned,different,1.46,BcD7QG,4.027397260273973,m
317,misaligned,different,6.3,6RPUM7,4.273972602739726,m
318,misaligned,different,2.8499999999999996,cdPUJD,5.589041095890411,m
319,misaligned,different,7.62,TQ5R7T,5.506849315068493,f
320,misaligned,different,5.0,4LVKMA,6.082191780821918,m
321,misaligned,different,9.466666666666667,cHT4YU,6.2465753424657535,f
322,misaligned,different,2.35,JY6LQ2,6.164383561643835,f
323,misaligned,different,3.7333333333333343,U672B2,5.835616438356165,f
324,misaligned,different,2.298,WF4NVS,4.684931506849315,m
325,misaligned,different,2.5,FWYC7C,5.424657534246576,f
326,misaligned,different,7.516666666666667,PB3BCS,4.767123287671233,f
327,misaligned,different,3.4499999999999997,TNSEWV,4.767123287671233,m
328,misaligned,different,2.6133333333333337,V72TLK,6.739726027397261,f
329,misaligned,different,4.380000000000001,XV65MW,6.164383561643835,f
330,misaligned,different,2.4,WWYcKQ,5.424657534246576,f
331,misaligned,different,3.5833333333333335,ZAMEDX,4.191780821917808,m
332,misaligned,different,4.116666666666667,QPRR32,6.904109589041096,f
333,misaligned,different,5.883333333333334,3W34dW,6.0,f
334,misaligned,different,2.566666666666667,PHFCV3,5.342465753424658,f
335,misaligned,different,1.6,VFFF4H,4.191780821917808,m
336,misaligned,different,2.64,CJdTB6,4.3561643835616435,m
337,misaligned,different,2.483333333333333,TV373M,6.657534246575342,m
338,misaligned,different,3.8666666666666667,CRVCXD,6.986301369863014,m
339,misaligned,different,4.78,YPdQNV,4.109589041095891,f
340,misaligned,different,3.0999999999999996,7cNKKD,5.342465753424658,m
341,misaligned,different,5.133333333333334,CZGRED,5.506849315068493,m
342,misaligned,different,2.4199999999999995,663UJX,6.986301369863014,f
343,misaligned,different,1.5333333333333332,KMGJCF,6.575342465753424,m
344,misaligned,different,2.412,FZLQ2Y,4.602739726027397,m
345,misaligned,different,1.5166666666666666,33UX2S,5.7534246575342465,f
346,misaligned,different,1.86,H2VVXG,4.191780821917808,f
347,misaligned,different,1.9166666666666667,F4AJSB,5.342465753424658,m
348,misaligned,different,4.083333333333333,4UE4J2,5.506849315068493,m
349,misaligned,different,4.083333333333333,ZTYVTW,4.027397260273973,f
350,misaligned,different,11.280000000000001,R52TRD,4.027397260273973,m
351,misaligned,different,2.1733333333333333,ZJPWHP,6.328767123287672,m
352,misaligned,different,3.9299999999999997,RJRCRR,5.917808219178082,f
353,misaligned,different,2.3600000000000003,CECNMS,4.3561643835616435,m
354,misaligned,different,5.433333333333334,5cKP4G,6.410958904109589,m
355,misaligned,different,5.6000000000000005,SNURNN,4.52054794520548,m
356,misaligned,different,2.6666666666666665,7AZPQD,4.438356164383562,f
357,misaligned,different,3.6666666666666665,2TGKCT,6.657534246575342,f
358,misaligned,different,1.1199999999999999,K6FGHF,6.493150684931507,m
359,misaligned,different,1.5,dEEK22,6.739726027397261,f
360,misaligned,different,3.033333333333333,ZRHCPK,4.273972602739726,m
361,misaligned,different,2.388333333333333,dcXZY4,6.904109589041096,m
362,misaligned,different,3.266666666666666,7BKKNM,4.3561643835616435,f
363,misaligned,different,3.9999999999999996,MR5U5N,4.3561643835616435,m
364,misaligned,different,1.8,5SAMNS,5.589041095890411,m
365,misaligned,different,5.168333333333333,C57ASP,6.904109589041096,m
366,misaligned,different,4.215000000000001,LA6RF5,5.260273972602739,m
367,misaligned,different,2.1016666666666666,42cZAM,6.657534246575342,f
368,misaligned,different,8.379999999999999,TLLBVC,6.986301369863014,f
369,misaligned,different,1.7280000000000002,RNcVC3,4.684931506849315,f
370,misaligned,different,2.28,2G2AL4,4.3561643835616435,m
371,misaligned,different,7.006666666666667,X37SMJ,5.917808219178082,f
372,misaligned,different,6.850000000000001,G277c4,4.109589041095891,m
373,misaligned,different,4.002000000000001,Uc5HAY,6.2465753424657535,f
374,misaligned,different,1.6500000000000001,dHWQWK,5.7534246575342465,f
375,misaligned,different,4.545999999999999,46QP6X,4.684931506849315,f
376,misaligned,different,3.19,PD62cC,4.191780821917808,f
377,misaligned,different,2.34,RKQERS,4.109589041095891,m
378,misaligned,different,2.2333333333333334,QYYW46,5.342465753424658,f
379,misaligned,different,5.383333333333334,CdBSPP,4.109589041095891,f
380,misaligned,different,3.7999999999999994,F4LDT2,5.260273972602739,m
381,misaligned,different,0.7566666666666668,c2JcAQ,4.931506849315069,m
382,misaligned,different,1.2833333333333334,34RM3G,6.575342465753424,m
383,misaligned,different,3.1500000000000004,FKJTLd,4.191780821917808,m
384,misaligned,different,1.6683333333333332,MX7YEJ,6.575342465753424,m
385,misaligned,different,2.085,XUS5CL,4.109589041095891,f
386,misaligned,different,4.233333333333333,DH27SD,6.0,m
387,misaligned,different,2.716666666666667,KKY3TT,5.342465753424658,f
388,misaligned,different,2.3666666666666667,QE5J2H,5.424657534246576,m
389,misaligned,different,5.1499999999999995,WScYBT,5.7534246575342465,m
390,misaligned,different,1.4666666666666668,VYHNXF,6.328767123287672,m
391,misaligned,different,3.733333333333333,RU4MYJ,4.438356164383562,m
392,misaligned,different,2.1999999999999997,BNRGKZ,5.260273972602739,f
393,misaligned,different,2.586,RRA4CB,5.506849315068493,f
394,misaligned,different,3.233333333333333,GYYNLD,4.3561643835616435,m
395,misaligned,different,3.0,RNCZJc,6.739726027397261,m
396,misaligned,different,3.9800000000000004,RP2HDS,6.904109589041096,f
397,misaligned,different,3.3,EHHRXd,4.767123287671233,m
398,misaligned,different,2.733333333333333,NTYN3N,5.095890410958904,f
399,aligned,different,5.716666666666668,UX6XX6,4.931506849315069,m
400,aligned,different,1.9483333333333333,ZFEcFW,4.191780821917808,f
401,aligned,different,5.701666666666667,FMNR4U,4.602739726027397,f
402,aligned,different,0.4166666666666667,QWFWAQ,6.904109589041096,f
403,aligned,different,2.933333333333333,PHM3KT,5.835616438356165,f
404,aligned,different,5.665,TMBc4N,4.931506849315069,m
405,aligned,different,4.483333333333333,NRHSFK,5.506849315068493,m
406,aligned,different,3.1,BK45G2,4.767123287671233,m
407,aligned,different,3.9633333333333334,ADUJcY,6.082191780821918,m
408,aligned,different,2.44,YdTJH7,5.424657534246576,f
409,aligned,different,3.3,TKA647,4.109589041095891,m
410,aligned,different,2.933333333333333,JLCN7S,5.506849315068493,f
411,aligned,different,2.7166666666666663,3R2CUC,5.835616438356165,f
412,aligned,different,3.266666666666667,LcYFQM,5.506849315068493,f
413,aligned,different,10.422,BUR2PY,4.191780821917808,m
414,aligned,different,4.165,EV5Z3R,5.671232876712328,m
415,aligned,different,0.942,WKCNHd,5.260273972602739,m
416,aligned,different,3.048333333333334,REMYW7,4.273972602739726,f
417,aligned,different,4.916666666666667,CVLEAG,4.8493150684931505,f
418,aligned,different,2.8850000000000002,W7Y6C5,5.424657534246576,m
419,aligned,different,4.433333333333334,KEEN74,5.589041095890411,m
420,aligned,different,12.050000000000002,ACXXZ7,4.767123287671233,m
421,aligned,different,4.26,VLB4L4,5.671232876712328,f
422,aligned,different,1.7499999999999998,EQXFYM,5.095890410958904,m
423,aligned,different,4.053333333333333,Z7CAJd,6.082191780821918,f
424,aligned,different,1.8500000000000003,7P6WGH,5.917808219178082,f
425,aligned,different,2.733333333333334,GC34M3,4.602739726027397,f
426,aligned,different,4.45,5QcHDS,4.3561643835616435,f
427,aligned,different,2.633333333333333,4ST2Rd,4.684931506849315,m
428,aligned,different,15.597999999999999,QLJ6L2,4.273972602739726,f
429,aligned,different,1.1200000000000003,VL6G4F,4.602739726027397,m
430,aligned,different,2.7600000000000002,CQNccL,5.013698630136986,f
431,aligned,different,3.4166666666666665,VARPcD,4.767123287671233,f
432,aligned,different,3.8000000000000003,A2VYCT,5.342465753424658,f
433,aligned,different,2.5833333333333335,cFUURR,6.410958904109589,f
434,aligned,different,3.38,NESJTV,5.671232876712328,m
435,aligned,different,3.1999999999999997,PKKXND,5.671232876712328,m
436,aligned,different,3.62,5A3dF5,6.493150684931507,f
437,aligned,different,5.273333333333333,QEENND,6.164383561643835,m
438,aligned,different,6.75,RL5c27,5.095890410958904,o
439,aligned,different,3.866666666666667,6FBUKN,4.931506849315069,f
440,aligned,different,2.8666666666666667,NdcEQS,6.410958904109589,f
441,aligned,different,1.7166666666666666,ZFCGPB,6.986301369863014,f
442,aligned,different,2.3333333333333335,HZD5P2,6.739726027397261,m
443,aligned,different,3.1999999999999997,LV7BXL,6.410958904109589,m
444,aligned,different,2.875,FQcUQT,5.506849315068493,m
445,aligned,different,1.4000000000000001,VXA7XE,5.917808219178082,m
446,aligned,different,5.016666666666667,2H7PLP,5.260273972602739,m
447,aligned,different,4.8999999999999995,TSZUY4,5.506849315068493,m
448,aligned,different,1.9333333333333336,JMTYZH,5.095890410958904,m
449,aligned,different,0.8599999999999998,BcD7QG,4.027397260273973,m
450,aligned,different,3.683333333333333,6RPUM7,4.273972602739726,m
451,aligned,different,2.2183333333333337,cdPUJD,5.589041095890411,m
452,aligned,different,2.766666666666667,TQ5R7T,5.506849315068493,f
453,aligned,different,4.316666666666667,4LVKMA,6.082191780821918,m
454,aligned,different,5.3500000000000005,cHT4YU,6.2465753424657535,f
455,aligned,different,2.2833333333333337,JY6LQ2,6.164383561643835,f
456,aligned,different,3.0999999999999996,U672B2,5.835616438356165,f
457,aligned,different,2.566,WF4NVS,4.684931506849315,m
458,aligned,different,3.7166666666666663,FWYC7C,5.424657534246576,f
459,aligned,different,7.300000000000001,PB3BCS,4.767123287671233,f
460,aligned,different,3.8200000000000003,TNSEWV,4.767123287671233,m
461,aligned,different,4.265000000000001,V72TLK,6.739726027397261,f
462,aligned,different,2.216666666666667,XV65MW,6.164383561643835,f
463,aligned,different,0.9499999999999998,WWYcKQ,5.424657534246576,f
464,aligned,different,9.353333333333333,ZAMEDX,4.191780821917808,m
465,aligned,different,5.8500000000000005,QPRR32,6.904109589041096,f
466,aligned,different,5.122,3W34dW,6.0,f
467,aligned,different,3.983333333333334,PHFCV3,5.342465753424658,f
468,aligned,different,1.2666666666666666,VFFF4H,4.191780821917808,m
469,aligned,different,3.0333333333333337,CJdTB6,4.3561643835616435,m
470,aligned,different,2.1333333333333333,TV373M,6.657534246575342,m
471,aligned,different,1.8499999999999996,CRVCXD,6.986301369863014,m
472,aligned,different,4.12,YPdQNV,4.109589041095891,f
473,aligned,different,3.4483333333333337,7cNKKD,5.342465753424658,m
474,aligned,different,5.666666666666667,CZGRED,5.506849315068493,m
475,aligned,different,2.25,663UJX,6.986301369863014,f
476,aligned,different,2.8579999999999997,KMGJCF,6.575342465753424,m
477,aligned,different,5.295000000000001,FZLQ2Y,4.602739726027397,m
478,aligned,different,2.1666666666666665,33UX2S,5.7534246575342465,f
479,aligned,different,2.5333333333333337,H2VVXG,4.191780821917808,f
480,aligned,different,3.3200000000000003,F4AJSB,5.342465753424658,m
481,aligned,different,3.4499999999999993,4UE4J2,5.506849315068493,m
482,aligned,different,3.1833333333333336,ZTYVTW,4.027397260273973,f
483,aligned,different,4.466666666666666,R52TRD,4.027397260273973,m
484,aligned,different,2.2533333333333334,ZJPWHP,6.328767123287672,m
485,aligned,different,2.1700000000000004,RJRCRR,5.917808219178082,f
486,aligned,different,4.36,CECNMS,4.3561643835616435,m
487,aligned,different,3.016666666666667,5cKP4G,6.410958904109589,m
488,aligned,different,4.933333333333333,SNURNN,4.52054794520548,m
489,aligned,different,9.533333333333333,7AZPQD,4.438356164383562,f
490,aligned,different,2.883333333333333,2TGKCT,6.657534246575342,f
491,aligned,different,0.96,K6FGHF,6.493150684931507,m
492,aligned,different,1.6666666666666667,dEEK22,6.739726027397261,f
493,aligned,different,3.5499999999999994,ZRHCPK,4.273972602739726,m
494,aligned,different,2.2966666666666664,dcXZY4,6.904109589041096,m
495,aligned,different,5.083333333333333,7BKKNM,4.3561643835616435,f
496,aligned,different,6.746,MR5U5N,4.3561643835616435,m
497,aligned,different,1.3499999999999999,5SAMNS,5.589041095890411,m
498,aligned,different,6.44,C57ASP,6.904109589041096,m
499,aligned,different,3.8666666666666667,LA6RF5,5.260273972602739,m
500,aligned,different,1.682,42cZAM,6.657534246575342,f
501,aligned,different,7.088000000000001,TLLBVC,6.986301369863014,f
502,aligned,different,2.441666666666667,RNcVC3,4.684931506849315,f
503,aligned,different,2.9,2G2AL4,4.3561643835616435,m
504,aligned,different,5.6000000000000005,X37SMJ,5.917808219178082,f
505,aligned,different,2.811666666666666,G277c4,4.109589041095891,m
506,aligned,different,3.6983333333333337,Uc5HAY,6.2465753424657535,f
507,aligned,different,2.4499999999999997,dHWQWK,5.7534246575342465,f
508,aligned,different,4.408333333333334,46QP6X,4.684931506849315,f
509,aligned,different,2.388333333333333,PD62cC,4.191780821917808,f
510,aligned,different,3.62,RKQERS,4.109589041095891,m
511,aligned,different,1.9000000000000001,QYYW46,5.342465753424658,f
512,aligned,different,2.4,CdBSPP,4.109589041095891,f
513,aligned,different,7.949999999999999,F4LDT2,5.260273972602739,m
514,aligned,different,0.9699999999999998,c2JcAQ,4.931506849315069,m
515,aligned,different,4.35,34RM3G,6.575342465753424,m
516,aligned,different,1.4400000000000002,FKJTLd,4.191780821917808,m
517,aligned,different,2.035,MX7YEJ,6.575342465753424,m
518,aligned,different,2.92,XUS5CL,4.109589041095891,f
519,aligned,different,3.2183333333333333,DH27SD,6.0,m
520,aligned,different,2.7000000000000006,KKY3TT,5.342465753424658,f
521,aligned,different,5.358,QE5J2H,5.424657534246576,m
522,aligned,different,4.133333333333334,WScYBT,5.7534246575342465,m
523,aligned,different,1.3333333333333333,VYHNXF,6.328767123287672,m
524,aligned,different,3.3333333333333335,RU4MYJ,4.438356164383562,m
525,aligned,different,3.3666666666666667,BNRGKZ,5.260273972602739,f
526,aligned,different,2.145,RRA4CB,5.506849315068493,f
527,aligned,different,5.533333333333334,GYYNLD,4.3561643835616435,m
528,aligned,different,3.9,RNCZJc,6.739726027397261,m
529,aligned,different,4.216666666666667,RP2HDS,6.904109589041096,f
530,aligned,different,5.5,EHHRXd,4.767123287671233,m
531,aligned,different,3.566666666666667,NTYN3N,5.095890410958904,f
